{
  "learning_rate": 0.1386292933288782,
  "depth": 5,
  "l2_leaf_reg": 2.4238137482010425,
  "min_data_in_leaf": 7,
  "random_strength": 0.6592349679367981,
  "bagging_temperature": 1.0131109095447877,
  "border_count": 182
}