{
  "learning_rate": 0.060482186522887386,
  "depth": 7,
  "l2_leaf_reg": 3.9697868559516434,
  "min_data_in_leaf": 6,
  "random_strength": 3.6557118681387633,
  "bagging_temperature": 1.763153675987898,
  "border_count": 169
}