{
  "learning_rate": 0.10776717312626066,
  "max_depth": 4,
  "reg_lambda": 0.7883639792932682,
  "reg_alpha": 1.3957458858479008,
  "min_child_weight": 5,
  "subsample": 0.5970210604964103,
  "colsample_bytree": 0.5725387945934293
}