{
  "learning_rate": 0.04920958285121664,
  "max_depth": 4,
  "reg_lambda": 3.0845743563932477,
  "reg_alpha": 0.614415975270935,
  "min_child_weight": 14,
  "subsample": 0.5844992047541591,
  "colsample_bytree": 0.6532291495292243
}