{
  "learning_rate": 0.034294733734188544,
  "depth": 7,
  "l2_leaf_reg": 1.7836734055819699,
  "min_data_in_leaf": 4,
  "random_strength": 2.823773364832075,
  "bagging_temperature": 1.086290508015297,
  "border_count": 185
}