{
  "learning_rate": 0.08963730779806695,
  "max_depth": 8,
  "reg_lambda": 1.2440577124830023,
  "reg_alpha": 2.6788166290089026,
  "min_child_weight": 15,
  "subsample": 0.6641760935556219,
  "colsample_bytree": 0.8182526339836848
}