{
  "learning_rate": 0.06839859487224516,
  "depth": 3,
  "l2_leaf_reg": 1.0317160351449939,
  "min_data_in_leaf": 12,
  "random_strength": 2.105726365375991,
  "bagging_temperature": 1.5635044981394182,
  "border_count": 237
}