{
  "learning_rate": 0.06649667508328005,
  "max_depth": 5,
  "reg_lambda": 0.5136950805198675,
  "reg_alpha": 1.419201335645658,
  "min_child_weight": 15,
  "subsample": 0.526664546936829,
  "colsample_bytree": 0.5553983549469779
}