{
  "learning_rate": 0.014206548331683036,
  "max_depth": 8,
  "reg_lambda": 0.8621803341727813,
  "reg_alpha": 4.8990453762525314,
  "min_child_weight": 20,
  "subsample": 0.61328945406132,
  "colsample_bytree": 0.6911157265038632
}