{
  "learning_rate": 0.023243405856871676,
  "max_depth": 4,
  "reg_lambda": 6.130181394410256,
  "reg_alpha": 4.139898039773035,
  "min_child_weight": 8,
  "subsample": 0.6716519636859072,
  "colsample_bytree": 0.6851854230204183
}