{
  "learning_rate": 0.02595598252467656,
  "max_depth": 6,
  "reg_lambda": 4.6218790862790975,
  "reg_alpha": 3.0703929851775924,
  "min_child_weight": 7,
  "subsample": 0.5730629575278144,
  "colsample_bytree": 0.7262645442206409
}